Country,InvoiceNo
United Kingdom,19857
Germany,603
France,458
EIRE,319
Belgium,119
Spain,105
Netherlands,101
Switzerland,71
Portugal,70
Australia,69
Italy,55
Finland,48
Sweden,46
Norway,40
Channel Islands,33
Japan,28
Poland,24
Denmark,21
Cyprus,20
Austria,19
Singapore,10
Malta,10
Unspecified,8
Iceland,7
USA,7
Israel,6
Canada,6
Greece,6
Czech Republic,5
European Community,5
Lithuania,4
United Arab Emirates,3
Bahrain,2
Saudi Arabia,2
Brazil,1
Lebanon,1
RSA,1
